Sample,Location,PM09,PM34,PM11,PM02,PM47
101-8,Burkina_Faso,325,219,277,169,335
106-21,Burkina_Faso,323,221,277,181,333
108-13,Burkina_Faso,325,217,277,193,339
3080,Burkina_Faso,323,215,261,177,331
3995,Burkina_Faso,321,217,287,185,337
4449,Burkina_Faso,323,219,277,185,333
4664,Burkina_Faso,317,215,277,181,333
4716,Burkina_Faso,323,215,267,169,331
4806,Burkina_Faso,323,217,273,189,333
M070,Burkina_Faso,325,219,281,169,331
M141,Burkina_Faso,341,217,277,189,333
M157,Burkina_Faso,323,217,277,189,337
M170,Burkina_Faso,343,215,277,189,337
M178,Burkina_Faso,323,219,275,185,333
M179,Burkina_Faso,341,217,277,189,333
P139,Burkina_Faso,339,217,267,185,333
P182,Burkina_Faso,341,217,277,189,339
S08,Cameroon,341,217,277,181,335
S11,Cameroon,323,217,277,177,333
S53,Cameroon,341,217,277,169,335
CC30,Ghana,317,209,267,237,333
CC105,Ghana,341,217,277,181,335
CC121,Ghana,319,209,267,189,335
71020,Guinea,323,219,267,177,333
71218,Guinea,325,217,279,177,333
71310,Guinea,323,215,279,181,333
71345,Guinea,329,225,277,181,333
PGF13,Mali,323,217,277,189,333
PGF17,Mali,325,219,277,181,335
PGF26,Mali,323,219,277,169,333
PGF30,Mali,327,219,279,177,331
PGF33,Mali,325,217,277,189,339
PGF40,Mali,325,213,273,189,355
PGF70,Mali,325,219,277,177,0
PGF71,Mali,325,221,279,185,335
PGF10,Mali,323,217,277,169,333
S2-1008,Nigeria,343,217,277,189,335
S3-1018,Nigeria,323,219,287,169,343
S3-1023,Nigeria,323,215,275,181,333
S3-1045,Nigeria,325,219,287,169,333
S3-1048,Nigeria,339,221,277,169,335
S3-1051,Nigeria,323,209,287,189,331
S3-1053,Nigeria,323,217,275,185,331
S3-1056,Nigeria,323,215,287,189,333
S3-1057,Nigeria,325,219,277,177,333
S3-1063,Nigeria,325,217,277,181,333
S3-1076,Nigeria,323,217,277,209,331
S3-1088,Nigeria,325,217,277,169,333
S3-1094,Nigeria,325,217,277,185,333
S4-1007,Nigeria,341,217,277,185,335
S4-1030,Nigeria,325,217,277,181,335
S4-1054,Nigeria,325,219,277,209,331
S4-1063,Nigeria,325,217,277,169,333
S4-1072,Nigeria,343,231,277,181,335
20_081_03,SE_Asia,325,217,277,189,333
TZ05,Tanzania,336,217,277,181,335
TZ08,Tanzania,325,217,273,173,333
TZ15,Tanzania,325,219,277,189,337
TZ16,Tanzania,325,219,277,189,335
TZ21,Tanzania,339,217,275,181,333
TZ23,Tanzania,341,217,279,181,335
TZ24,Tanzania,325,217,279,209,329
TZ26,Tanzania,323,217,277,197,333
TZ29,Tanzania,323,217,277,177,331
TZ30,Tanzania,327,217,277,209,335
TZ32,Tanzania,333,221,277,197,333
TZ42,Tanzania,325,219,277,177,333
TZ43,Tanzania,325,219,287,185,333
TZ44,Tanzania,329,223,277,185,327
TZ45,Tanzania,325,217,275,181,333
TZ46,Tanzania,325,219,273,177,333
TZ47,Tanzania,325,219,277,173,341
TZ48,Tanzania,323,217,277,181,333
TZ49,Tanzania,325,217,287,193,331